net_id,person_id,role_id,source_id,target_scope
net_ce770667e5f9b0d8,person_e68fa963cbe43932,role_cf0ccdbe368fbe4c,src_b052722cb55b1923,founding_identity
net_ce770667e5f9b0d8,person_9e418db45b6b832e,role_eba81b11e703c894,src_b052722cb55b1923,founding_identity
net_ce770667e5f9b0d8,person_fd7e38ea7d426e33,role_c25a49de7bc49a6c,src_b052722cb55b1923,historical
net_ce770667e5f9b0d8,person_83adfc92791a12dc,role_f9b384dd91a4b325,src_4d3eafecee7a4654,historical
net_ce770667e5f9b0d8,person_08565e7db2968141,role_9b9db17bd659dbce,src_c3d7e09a9e508ccd,historical
net_ce770667e5f9b0d8,person_de62da53da358344,role_b9f94d8c40163197,src_c3d7e09a9e508ccd,historical
net_ce770667e5f9b0d8,person_723345a1fd367905,role_22f30a5ef6936b4e,src_7047f90c8d2315d7,historical
net_ce770667e5f9b0d8,person_38425622c815dd55,role_5e919d8915cd7398,src_009ef689a2097b8c,historical
net_ce770667e5f9b0d8,person_a25de5ac62e1d5c8,role_798e7ee43bb68434,src_009ef689a2097b8c,historical
net_ce770667e5f9b0d8,person_b3cd0d2a9290e49a,role_451be32d62b4d6b4,src_009ef689a2097b8c,historical
net_ce770667e5f9b0d8,person_2ceef3be0f3e2b18,role_ee53f7173dbda76a,src_009ef689a2097b8c,historical
net_ce770667e5f9b0d8,person_345f8a6c7e708cd9,role_73024d81f7619570,src_009ef689a2097b8c,historical
net_ce770667e5f9b0d8,person_7150286d29a397c2,role_60d01c4e43478e13,src_009ef689a2097b8c,historical
net_ce770667e5f9b0d8,person_23f87467e0f2073f,role_0b4c83af9edc9ee7,src_009ef689a2097b8c,historical
net_ce770667e5f9b0d8,person_e0ce59d3069e0686,role_688c2ae3b6d6f76a,src_009ef689a2097b8c,historical
net_ce770667e5f9b0d8,person_7c4a2961be788a20,role_4bced0a0d2a39894,src_ba5d3ee45fd3a974,historical
net_ce770667e5f9b0d8,person_6278f6a2c46992c5,role_a9281e0a97d81c35,src_f5091520447d2f1c,historical
net_ce770667e5f9b0d8,person_8775ac3f0eabc7c1,role_b7335adbfa0810c1,src_f5091520447d2f1c,historical
net_ce770667e5f9b0d8,person_c1e7e26db9636eef,role_d8b95936fdaf8daa,src_f5091520447d2f1c,historical
net_ce770667e5f9b0d8,person_add982a3108b87c8,role_bf8c4c1b4b627460,src_5677cfd6d3c9a267,historical
net_ce770667e5f9b0d8,person_fb0f1cc1afbc5be8,role_2270c2d79e2867f0,src_5677cfd6d3c9a267,historical
net_ce770667e5f9b0d8,person_233f438867f09700,role_a7a2c5cefd83035a,src_61d552395d0f0789,historical
net_ce770667e5f9b0d8,person_a3a869233123e2a7,role_f341c496af36cb86,src_61d552395d0f0789,historical
net_ce770667e5f9b0d8,person_938002795fbb5444,role_68fe8387dc3bcc8d,src_61d552395d0f0789,historical
net_ce770667e5f9b0d8,person_8f9f25452ba40554,role_c8e7bd13e9f1b205,src_e679d8c4a75cd87c,historical
net_1b1862415f2d9eef,person_60ef9216e2181e06,role_098178f5da1809a5,src_4d3eafecee7a4654,historical
net_1b1862415f2d9eef,person_9ae26fe5377a0a3b,role_3f14ea1962be94d9,src_dc7aa75975463f04,founding_identity
net_1b1862415f2d9eef,person_901da57b0d41cf92,role_44097e35c1dccdcc,src_dc7aa75975463f04,founding_identity
net_1b1862415f2d9eef,person_d940658cd5d13b31,role_135406f39af2193a,src_dc7aa75975463f04,historical
net_1b1862415f2d9eef,person_77b0c9a93079fa61,role_64d5bf6fb6352b9a,src_dc7aa75975463f04,historical
net_1b1862415f2d9eef,person_a4f60a31cba8d3bf,role_4e25a1debcf97412,src_829b9621cc17045d,historical
net_c7bac46904be785c,person_a25de5ac62e1d5c8,role_61ae6b3adc7381b7,src_4f6817887eee2100,historical
net_c7bac46904be785c,person_5606444dc05c1b98,role_582d4272e67a2907,src_eaa6991e652a96cf,historical
net_c7bac46904be785c,person_aed957f729ddaa09,role_4b352fd6212b3612,src_eaa6991e652a96cf,historical
net_c7bac46904be785c,person_0469e825478bc5ba,role_c3b7c306bd5e8420,src_ec0e82f4159a3e0d,historical
net_c7bac46904be785c,person_4d3d93e08395c3a2,role_b0432d9d83efd1be,src_ec0e82f4159a3e0d,historical
net_c7bac46904be785c,person_901da57b0d41cf92,role_5f083dabc8178063,src_27031dd40d242e1c,historical
net_c7bac46904be785c,person_37258487f69f06fc,role_06bb775dc522c7af,src_27031dd40d242e1c,historical
net_c7bac46904be785c,person_233344ed4b61f2cb,role_7e9d016d5aedeb2d,src_27031dd40d242e1c,historical
net_c7bac46904be785c,person_a8b4476b3a8345d8,role_9168bb2cfa801dc4,src_27031dd40d242e1c,historical
net_c7bac46904be785c,person_571d331325cc0fcb,role_a79f077b80a833d9,src_27031dd40d242e1c,historical
net_c7bac46904be785c,person_c35b8e5e7cfbc260,role_7bb21150f9b9bd3d,src_73106df3d51d82af,historical
net_c7bac46904be785c,person_6597161ac0d10d67,role_5b00c86938979065,src_73106df3d51d82af,historical
net_c7bac46904be785c,person_fbbfe5f5ae88fe3e,role_4dcf1517d6a7e90f,src_73106df3d51d82af,historical
net_c7bac46904be785c,person_1219d50bd775c0ec,role_36ec2ab23043d3b7,src_73106df3d51d82af,historical
net_c7bac46904be785c,person_3b937d3c2c2d858c,role_c056fc13b8eef7d3,src_73106df3d51d82af,historical
net_c7bac46904be785c,person_0a55e7e168d03ef0,role_e643ba25968e92bf,src_73106df3d51d82af,historical
net_c7bac46904be785c,person_69038cc51346a470,role_a51420643e8c3d15,src_73106df3d51d82af,historical
net_c7bac46904be785c,person_0c45d3bc6bec3061,role_0b8c9d9c808f8695,src_3cb83222d7fb70fc,historical
net_c7bac46904be785c,person_4801b6427f27af39,role_35db794ae21f7fd3,src_3cb83222d7fb70fc,historical
net_c7bac46904be785c,person_e612f87a7ae6981e,role_e884231a2ef68add,src_3cb83222d7fb70fc,historical
net_c7bac46904be785c,person_a4f98e0965988eab,role_4b8b54e2e671fd00,src_1af1f624486816e2,historical
net_c7bac46904be785c,person_1faab498b359d3ca,role_3fb8ae920f723b76,src_1af1f624486816e2,historical
net_c7bac46904be785c,person_d666ea35263e49dc,role_9c2b730e0689bda9,src_5604e6879605b8c8,historical
net_c7bac46904be785c,person_a17feb6594d2fb5e,role_62b838f85c00c842,src_5604e6879605b8c8,historical
net_c7bac46904be785c,person_59d82cebb94d4d96,role_0359bea382a0800c,src_5604e6879605b8c8,historical
net_c7bac46904be785c,person_93652a24ceba3bb9,role_3dac667f55025595,src_5604e6879605b8c8,historical
net_c7bac46904be785c,person_a3265a2eed87b045,role_1d6f491323b71715,src_523013cf51110acb,historical
net_c7bac46904be785c,person_dd036c799b5ce840,role_9a519b654d2567c0,src_523013cf51110acb,historical
net_c7bac46904be785c,person_74099e4f654dd6f7,role_1ce488dd1781c52e,src_523013cf51110acb,historical
net_c7bac46904be785c,person_48e58ac8c5c9e69c,role_f9569297b24a2997,src_523013cf51110acb,historical
net_622b46e8e7fee12d,person_38425622c815dd55,role_08ab7896021b4abe,src_b9a72dca35dbcefb,historical
net_622b46e8e7fee12d,person_a25de5ac62e1d5c8,role_0f7213c8ffd98445,src_b9a72dca35dbcefb,historical
net_622b46e8e7fee12d,person_7c4a2961be788a20,role_8f500673754be436,src_b9a72dca35dbcefb,historical
net_622b46e8e7fee12d,person_15cb95fba1cecfac,role_38564b6897f6a287,src_b9a72dca35dbcefb,historical
net_4f749de7c24fe967,person_a0dec2f1a2f4d444,role_17fee00345c89602,src_7d939ac189435e74,historical
net_4f749de7c24fe967,person_c5bca6080c9111de,role_504e1153dedbe776,src_7d939ac189435e74,historical
net_4f749de7c24fe967,person_b4e396579394acdb,role_161bb4faef7568b0,src_ab9d8915d7f55433,historical
net_4f749de7c24fe967,person_c1f8c5622f049d7a,role_2d48ccb5dcd61007,src_ab9d8915d7f55433,historical
net_4f749de7c24fe967,person_53d3e26281824a0d,role_0a1a40708e92653f,src_7d939ac189435e74,historical
net_4f749de7c24fe967,person_3194cf7d37df54aa,role_c4bc9d3b22d925c6,src_7d939ac189435e74,historical
net_4f749de7c24fe967,person_0b604346550fd893,role_3ce04210e8cd729c,src_7d939ac189435e74,historical
net_4f749de7c24fe967,person_86fd7be874776be5,role_779c2d66ab0c7dd0,src_7d939ac189435e74,historical
net_4f749de7c24fe967,person_9dd7a2ea63a9ba15,role_098d98e2817baf77,src_7d939ac189435e74,historical
net_4f749de7c24fe967,person_c0d8da5316c65d55,role_018861a074ed313e,src_7d939ac189435e74,historical
net_4f749de7c24fe967,person_c9ea16b41449ab6b,role_be479d56403554f5,src_7d939ac189435e74,historical
net_4f749de7c24fe967,person_e6a014c18ceb248a,role_b7650cba93ba5885,src_7d939ac189435e74,historical
net_4f749de7c24fe967,person_aa6f924a517fb96e,role_2b4e487512a9bf6a,src_7d939ac189435e74,historical
net_4f749de7c24fe967,person_a3265a2eed87b045,role_0a04c8375e87c6c2,src_664bbc784da30eda,historical
net_4f749de7c24fe967,person_67b910f4944e12a2,role_88e4122e8b7d8794,src_664bbc784da30eda,historical
net_4f749de7c24fe967,person_d7165085de0cd8b7,role_5e5ffafa47ca7ff8,src_664bbc784da30eda,historical
net_4f749de7c24fe967,person_068a90fba998bd84,role_128a973b92e7c3fe,src_664bbc784da30eda,historical
net_49d2dc07acd9eff5,person_f1442202076bdac9,role_69f5d2d7f7ef7bfe,src_778d7a2017219a51,historical
net_49d2dc07acd9eff5,person_ba324af1796fffc9,role_6de134f4e58f23d9,src_778d7a2017219a51,historical
net_49d2dc07acd9eff5,person_3219f36b7d2ea2c8,role_b06581c4d99e19ac,src_778d7a2017219a51,historical
net_49d2dc07acd9eff5,person_8ba72c4e8ba952dc,role_e7da3ac181433849,src_c70bc97d438690df,role_observed
net_49d2dc07acd9eff5,person_ed00733ab333de3d,role_f980fa40a0992016,src_c70bc97d438690df,role_observed
net_49d2dc07acd9eff5,person_213e2a66e8b5e0a1,role_f35625704e50fb47,src_a7f5f2fc3a98a9ad,historical
net_0890f456684a70f1,person_e5b56efea3f39b01,role_ca357854ef83388f,src_3ce661bbc7fdca03,founding_identity
net_0890f456684a70f1,person_74e97e57a126e3a2,role_c0e2f515c2e8a99f,src_3ce661bbc7fdca03,founding_identity
net_0890f456684a70f1,person_54d45fe99116893a,role_3c2f1c1d7c1b6ebf,src_3ce661bbc7fdca03,founding_identity
net_0890f456684a70f1,person_44abef08e3490a40,role_087fe6251e5cd102,src_dc197ebd6fa73428,role_observed
net_0890f456684a70f1,person_cc26118b9d8bd4d2,role_56d1c7c039184621,src_ed900537e31c75b7,role_observed
net_0890f456684a70f1,person_f94186a3813fe70f,role_9081f7c86a405463,src_dd4d6607280ac89d,historical
net_34df123200dc34d6,person_40312b220fbd27be,role_52d9acf6e6177dac,src_24ffaf201d38258a,historical
net_34df123200dc34d6,person_a351b3c284873f6f,role_02d3fa4992be0286,src_24ffaf201d38258a,historical
net_34df123200dc34d6,person_2bc19cff537ed885,role_5d3a38d9a1551e2b,src_24ffaf201d38258a,historical
net_34df123200dc34d6,person_1133080497ec8ca8,role_b56c672c95f12ac7,src_24ffaf201d38258a,historical
net_f223faa96f229162,person_a8ad230b1ad90a7f,role_d3f7f041430e5361,src_eddf605ff0cd560a,historical
net_f223faa96f229162,person_a6949a04461b6789,role_767bf9591f01c681,src_11b59fd8b201a7b6,role_observed
net_f223faa96f229162,person_436b88d32e7e1d9a,role_ff49012821603bbf,src_b6c66b725a675760,role_observed
net_f223faa96f229162,person_a0a0d2b6b3b269e1,role_a810d52e7227846a,src_9ac0e7ba1a071d51,role_observed
net_f223faa96f229162,person_ce151562c96d24d8,role_e8d378e8b13cdea3,src_956d4cc554c4cb6d,role_observed
net_f223faa96f229162,person_a5565b509d0e84de,role_1544262a00e2855e,src_7d154b3f15d7178e,role_observed
net_f223faa96f229162,person_5738a37f0af81594,role_0a4ceacb393e033b,src_363b5bdc64968163,historical
net_f223faa96f229162,person_325e6ebbd8d6411d,role_42e6f283f31ea656,src_363b5bdc64968163,historical
net_f223faa96f229162,person_760b08308a87d585,role_8774cd9228a432b6,src_79f10420b8355151,historical
net_744205e43529c1fc,person_4f998ca6d1c5a332,role_899adb8421b3457a,src_c0f94a4efaca7a84,founding_identity
net_744205e43529c1fc,person_5f9b87fa9c5a92b2,role_1e1cb1258c6ff3ab,src_c0f94a4efaca7a84,founding_identity
net_744205e43529c1fc,person_6b771e2aa3acebd9,role_43476e82514bbaed,src_c0f94a4efaca7a84,founding_identity
net_744205e43529c1fc,person_4694763d3f086481,role_def376c8b74f6163,src_c0f94a4efaca7a84,founding_identity
net_744205e43529c1fc,person_97316cd8b11489bb,role_3994e41e826d11c7,src_c0f94a4efaca7a84,founding_identity
net_744205e43529c1fc,person_0e22d96f08ffceed,role_6ac5a7ad708493b4,src_c0f94a4efaca7a84,founding_identity
net_744205e43529c1fc,person_8bb2cb5cabc7d632,role_2ab04cd6d544d8ec,src_c0f94a4efaca7a84,founding_identity
net_744205e43529c1fc,person_6795df235cf8b141,role_76054d36045a3dee,src_c0f94a4efaca7a84,role_observed
net_744205e43529c1fc,person_c292557491ae49c9,role_bfcd5ee8695cea1d,src_c0f94a4efaca7a84,role_observed
net_8b7d1a3187ab355d,person_f52b3a639f2f16f7,role_6195ed0817a46afe,src_4dc07095882ddda6,historical
net_8b7d1a3187ab355d,person_3ea04526627ec61b,role_ca1394a95836d79e,src_4dc07095882ddda6,historical
net_8b7d1a3187ab355d,person_233f438867f09700,role_eff4ad6cbe545bdd,src_4dc07095882ddda6,historical
net_8b7d1a3187ab355d,person_2d1b84ff15276bbd,role_a4c6e881d81debe5,src_4dc07095882ddda6,historical
net_8b7d1a3187ab355d,person_497f393d816b7f62,role_58d5e8d053167b7a,src_4dc07095882ddda6,historical
net_8b7d1a3187ab355d,person_1475f32d6a90b6df,role_cda53f44685eedb6,src_4dc07095882ddda6,historical
net_8b7d1a3187ab355d,person_aa0716a782b5f594,role_a02dae0b4b9686d6,src_4dc07095882ddda6,historical
net_8b7d1a3187ab355d,person_77236f60b1499ea2,role_94f5111d960b2fde,src_4dc07095882ddda6,historical
net_8b7d1a3187ab355d,person_c81b3b40b5d0f055,role_9125ec3f81229984,src_4dc07095882ddda6,historical
net_8b7d1a3187ab355d,person_b560f136f153d20b,role_f38170e9a2029167,src_4dc07095882ddda6,historical
net_8b7d1a3187ab355d,person_56828802ff1337c7,role_ff06f84fcd5996d5,src_65d1ecadfd03b43f,historical
net_f911e414cf6bdfc5,person_fb03eeda1a953a90,role_6a04945e4cbfa151,src_7a67ba84a03883ba,historical
net_f911e414cf6bdfc5,person_44c40d9499a82f46,role_b85ad7b7fd0e1e18,src_7a67ba84a03883ba,historical
net_f911e414cf6bdfc5,person_19c056476e29b992,role_9f4b576160480d3b,src_7a67ba84a03883ba,historical
net_f911e414cf6bdfc5,person_0b358aca2a0f2cb1,role_9ab46684396b4018,src_54f2644d168d8641,historical
net_f911e414cf6bdfc5,person_3ce676bd3e770d90,role_ac4db9b9f58678e3,src_038862cd74c6150f,historical
net_b9c2dcad6e3c2965,person_8d0f7757baa7ec57,role_5b741802686516df,src_4e2ad49621837c9e,founding_identity
net_b9c2dcad6e3c2965,person_0dc58d083e45b222,role_d645119f8bf943bb,src_4e2ad49621837c9e,founding_identity
net_b9c2dcad6e3c2965,person_6bc1e9253392ff3d,role_eee5c634edd67c8c,src_4e2ad49621837c9e,historical
net_b9c2dcad6e3c2965,person_93ca881347467a9a,role_419a4e6bc1dff70c,src_ba5d3ee45fd3a974,historical
net_b9c2dcad6e3c2965,person_9512ea5c4c5c9061,role_198f6ef75b8f2485,src_ba5d3ee45fd3a974,historical
net_b9c2dcad6e3c2965,person_8f9f25452ba40554,role_89c166f698062787,src_e679d8c4a75cd87c,historical
net_5e7c4d821aae0157,person_a7cff51bd08c6fa2,role_ae19d3c6671b098e,src_3c9cbea096208544,founding_identity
net_5e7c4d821aae0157,person_b941d91ee02bc39b,role_7ca893bdeb19b9d8,src_3c9cbea096208544,founding_identity
net_5e7c4d821aae0157,person_8dd46804ece71ed8,role_5a22052078b96579,src_3c9cbea096208544,founding_identity
net_5e7c4d821aae0157,person_e864e418116bd7c0,role_1606da67f682369f,src_3c9cbea096208544,founding_identity
net_5e7c4d821aae0157,person_fad36766b6c6da45,role_ebce093115b116d8,src_3c9cbea096208544,historical
net_961a6062ba1ba2d8,person_1cf39f64f5d770ee,role_e22c208216983ddc,src_931d0a3831eeecf3,founding_identity
net_961a6062ba1ba2d8,person_9fefd06d24a07c35,role_fee2881fd9f52a7f,src_931d0a3831eeecf3,founding_identity
net_91231ff9ab6685fa,person_7fa8594a90087abc,role_5776c07f4e5b6446,src_f5339ef58fe0ee04,founding_identity
net_91231ff9ab6685fa,person_a41f202ef2f3ef5f,role_aec87563fa57fad2,src_f5339ef58fe0ee04,founding_identity
net_91231ff9ab6685fa,person_c2824e976bc7bd95,role_111382caf54d0fce,src_f5339ef58fe0ee04,founding_identity
net_629b4925e91e03ca,person_918d7c17d0c5cd10,role_83437b73d1ccc9e8,src_e12a91ba769c1bcf,founding_identity
net_629b4925e91e03ca,person_5a93baa047242ee2,role_5ed679b3cfcc3098,src_e12a91ba769c1bcf,founding_identity
net_629b4925e91e03ca,person_ce03dff88d7aa65a,role_17931aeb92f66205,src_e12a91ba769c1bcf,founding_identity
net_f9191531404c4016,person_9883d440ca9be8ff,role_04bcb8a62a916527,src_8efba02fba46cffb,founding_identity
net_f9191531404c4016,person_60c259ff3a930b35,role_d971ba28c5f2bf79,src_8efba02fba46cffb,founding_identity
net_f9191531404c4016,person_16a265c60d8ea38e,role_1dc24368f8f60e00,src_8efba02fba46cffb,founding_identity
net_8bd7b9fdff699198,person_a047315be35b5119,role_1cd790caf8856c2d,src_88a8c8c064f31f78,founding_identity
net_8bd7b9fdff699198,person_3140d817c05b5b8e,role_cb1213eb8b146804,src_88a8c8c064f31f78,founding_identity
net_1b817f9efc97800a,person_8e8f3b93fb195b30,role_8180fa199ca3154f,src_4b781df731ceaa2d,founding_identity
net_1b817f9efc97800a,person_805462eedb26a488,role_2e8923949611f47c,src_4b781df731ceaa2d,founding_identity
net_1b817f9efc97800a,person_df139ebf4b214e32,role_8468d4390095f8f9,src_4b781df731ceaa2d,founding_identity
net_ce46041005a8aa0d,person_b9fdad2c91757e02,role_71cc610938c11fe7,src_6d42fa546ebeb1ca,founding_identity
net_ce46041005a8aa0d,person_e74f710ef97453fd,role_eb3e8c0f658a2dda,src_6d42fa546ebeb1ca,founding_identity
net_ce46041005a8aa0d,person_4392e7bbb6644f8d,role_f6a7f9dff92446f8,src_6d42fa546ebeb1ca,historical
net_ce46041005a8aa0d,person_34c69a5edff6a102,role_08dd61daa3ead68f,src_6d42fa546ebeb1ca,historical
net_1dbd59f661d68b90,person_2188dfab4c17267b,role_2058e57164f58573,src_bf4e49580252479e,founding_identity
net_1dbd59f661d68b90,person_426fdc4e027ae12b,role_a0f04a003c05ca6d,src_bf4e49580252479e,founding_identity
net_1dbd59f661d68b90,person_5b6dc9cd34c55cd1,role_be58664ba32c8156,src_f64c969cf2fb43e5,role_observed
net_5b5fea64c7467736,person_2ad1c3b880ac9eb4,role_2278d5a2df40f95c,src_f5a2cf506ffeeaa6,founding_identity
net_5b5fea64c7467736,person_67a2f8b2f3df9e0a,role_58b6cfa6b9fe166f,src_f5a2cf506ffeeaa6,founding_identity
net_5b5fea64c7467736,person_ab02f2ac2b900994,role_beca6031bcb1b765,src_f5a2cf506ffeeaa6,founding_identity
net_5b5fea64c7467736,person_4d66f9446bfff866,role_9dde4c4f902ef046,src_f5a2cf506ffeeaa6,founding_identity
net_5b5fea64c7467736,person_325987c1827d3c73,role_978b61197adc37cc,src_f5a2cf506ffeeaa6,founding_identity
net_5b5fea64c7467736,person_084d07b76864b154,role_5a4165ad22177bf9,src_f5a2cf506ffeeaa6,founding_identity
net_5b5fea64c7467736,person_aae9d23c43100d7e,role_5daa6e9a19d48a98,src_f5a2cf506ffeeaa6,founding_identity
net_fe298ed1c2957dd7,person_901da57b0d41cf92,role_69c1f3ebb05f61c5,src_a7299973e90e9e06,founding_identity
net_fe298ed1c2957dd7,person_37258487f69f06fc,role_b633a70071a4cb39,src_a7299973e90e9e06,founding_identity
net_fe7ceb7816ed0e35,person_7688fd8b6ce8b418,role_fe5533f43029813a,src_5841f373e3338d72,founding_identity
net_fe7ceb7816ed0e35,person_b1458cee4f1cf31d,role_038e848a134f43f9,src_5841f373e3338d72,founding_identity
net_73bcfe98830b53a1,person_15422a592b069bad,role_d9e5bc7f66c8c408,src_788237ffb8ff6af7,founding_identity
net_73bcfe98830b53a1,person_b0b038a8f2d230b3,role_0a90728e1c8d9937,src_788237ffb8ff6af7,founding_identity
net_73bcfe98830b53a1,person_a9a4844408cb49ac,role_8ce8e1da8748cd4a,src_788237ffb8ff6af7,founding_identity
net_e6950b45d25c2027,person_e99c30159c25dc29,role_835a054f3e5cff5b,src_476708dbf8c1a9fd,founding_identity
net_e6950b45d25c2027,person_855a5afa98c715c6,role_8f232f05dbe12f27,src_476708dbf8c1a9fd,founding_identity
net_e6950b45d25c2027,person_012e0cc0f74b3481,role_9d67d2593d5c3303,src_476708dbf8c1a9fd,founding_identity
net_b63b20d5b5699a25,person_3fed2a4e15c37c40,role_1351b6c30d09e382,src_b529bd0ec18801e5,founding_identity
net_b63b20d5b5699a25,person_0566ca2df3c450e0,role_03278e2056043cbe,src_b529bd0ec18801e5,founding_identity
net_1d927621f5321e99,person_0154e54c29f38085,role_6a83178d11dcb22f,src_58f1407947b6727e,founding_identity
net_1d927621f5321e99,person_5781d917a452aff5,role_26a26a2130c60243,src_58f1407947b6727e,founding_identity
net_1d927621f5321e99,person_58090f3f9a248e91,role_191234784d8951e4,src_58f1407947b6727e,founding_identity
net_2f73335c712c9214,person_87c33653ee7f55f7,role_448b66de23c495df,src_1432035095cf5faa,founding_identity
net_2f73335c712c9214,person_c4a62348184b5a98,role_80a064a79f3afc0b,src_1432035095cf5faa,founding_identity
net_2f73335c712c9214,person_11b24152dbd1f5fe,role_e14cf5da7ba699e8,src_1432035095cf5faa,founding_identity
net_10b92bc0b47eab33,person_7c4a2961be788a20,role_857ae63ff695482b,src_038862cd74c6150f,historical
net_10b92bc0b47eab33,person_fa2434f8ea988a57,role_7c62323a5155b15d,src_038862cd74c6150f,historical
