person_id,display_name,identity_source_id,identity_status,first_checked_on,batch_id
person_e68fa963cbe43932,Larry Page,src_b052722cb55b1923,source_supported,2026-10-04,batch_001
person_9e418db45b6b832e,Sergey Brin,src_b052722cb55b1923,source_supported,2026-10-04,batch_001
person_fd7e38ea7d426e33,Sundar Pichai,src_b052722cb55b1923,source_supported,2026-10-04,batch_001
person_83adfc92791a12dc,Jeff Dean,src_4d3eafecee7a4654,source_supported,2026-10-04,batch_001
person_60ef9216e2181e06,Demis Hassabis,src_4d3eafecee7a4654,source_supported,2026-10-04,batch_001
person_08565e7db2968141,Prabhakar Raghavan,src_c3d7e09a9e508ccd,source_supported,2026-10-04,batch_001
person_de62da53da358344,Nick Fox,src_c3d7e09a9e508ccd,source_supported,2026-10-04,batch_001
person_723345a1fd367905,Sanjay Ghemawat,src_7047f90c8d2315d7,source_supported,2026-10-04,batch_001
person_38425622c815dd55,Joe Beda,src_009ef689a2097b8c,source_supported,2026-10-04,batch_001
person_a25de5ac62e1d5c8,Brendan Burns,src_009ef689a2097b8c,source_supported,2026-10-04,batch_001
person_b3cd0d2a9290e49a,Craig McLuckie,src_009ef689a2097b8c,source_supported,2026-10-04,batch_001
person_2ceef3be0f3e2b18,Ville Aikas,src_009ef689a2097b8c,source_supported,2026-10-04,batch_001
person_345f8a6c7e708cd9,Tim Hockin,src_009ef689a2097b8c,source_supported,2026-10-04,batch_001
person_7150286d29a397c2,Brian Grant,src_009ef689a2097b8c,source_supported,2026-10-04,batch_001
person_23f87467e0f2073f,Dawn Chen,src_009ef689a2097b8c,source_supported,2026-10-04,batch_001
person_e0ce59d3069e0686,Daniel Smith,src_009ef689a2097b8c,source_supported,2026-10-04,batch_001
person_7c4a2961be788a20,Kelsey Hightower,src_ba5d3ee45fd3a974,source_supported,2026-10-04,batch_001
person_15cb95fba1cecfac,Lachlan Evenson,src_b9a72dca35dbcefb,source_supported,2026-10-04,batch_001
person_6278f6a2c46992c5,Rob Pike,src_f5091520447d2f1c,source_supported,2026-10-04,batch_001
person_8775ac3f0eabc7c1,Robert Griesemer,src_f5091520447d2f1c,source_supported,2026-10-04,batch_001
person_c1e7e26db9636eef,Ken Thompson,src_f5091520447d2f1c,source_supported,2026-10-04,batch_001
person_add982a3108b87c8,Andrew Gerrand,src_5677cfd6d3c9a267,source_supported,2026-10-04,batch_001
person_fb0f1cc1afbc5be8,Brad Fitzpatrick,src_5677cfd6d3c9a267,source_supported,2026-10-04,batch_001
person_5606444dc05c1b98,Satya Nadella,src_eaa6991e652a96cf,source_supported,2026-10-04,batch_001
person_aed957f729ddaa09,Kevin Scott,src_eaa6991e652a96cf,source_supported,2026-10-04,batch_001
person_0469e825478bc5ba,Kathleen Hogan,src_ec0e82f4159a3e0d,source_supported,2026-10-04,batch_001
person_4d3d93e08395c3a2,Amy Coleman,src_ec0e82f4159a3e0d,source_supported,2026-10-04,batch_001
person_901da57b0d41cf92,Mustafa Suleyman,src_27031dd40d242e1c,source_supported,2026-10-04,batch_001
person_37258487f69f06fc,Karén Simonyan,src_27031dd40d242e1c,source_supported,2026-10-04,batch_001
person_233344ed4b61f2cb,Mikhail Parakhin,src_27031dd40d242e1c,source_supported,2026-10-04,batch_001
person_a8b4476b3a8345d8,Misha Bilenko,src_27031dd40d242e1c,source_supported,2026-10-04,batch_001
person_571d331325cc0fcb,Rajesh Jha,src_27031dd40d242e1c,source_supported,2026-10-04,batch_001
person_c35b8e5e7cfbc260,Jay Parikh,src_73106df3d51d82af,source_supported,2026-10-04,batch_001
person_6597161ac0d10d67,Eric Boyd,src_73106df3d51d82af,source_supported,2026-10-04,batch_001
person_fbbfe5f5ae88fe3e,Jason Taylor,src_73106df3d51d82af,source_supported,2026-10-04,batch_001
person_1219d50bd775c0ec,Julia Liuson,src_73106df3d51d82af,source_supported,2026-10-04,batch_001
person_3b937d3c2c2d858c,Tim Bozarth,src_73106df3d51d82af,source_supported,2026-10-04,batch_001
person_0a55e7e168d03ef0,Scott Guthrie,src_73106df3d51d82af,source_supported,2026-10-04,batch_001
person_69038cc51346a470,Charlie Bell,src_73106df3d51d82af,source_supported,2026-10-04,batch_001
person_0c45d3bc6bec3061,Hayete Gallot,src_3cb83222d7fb70fc,source_supported,2026-10-04,batch_001
person_4801b6427f27af39,Ales Holecek,src_3cb83222d7fb70fc,source_supported,2026-10-04,batch_001
person_e612f87a7ae6981e,Mala Anand,src_3cb83222d7fb70fc,source_supported,2026-10-04,batch_001
person_a4f98e0965988eab,Brad Smith,src_1af1f624486816e2,source_supported,2026-10-04,batch_001
person_1faab498b359d3ca,Natasha Crampton,src_1af1f624486816e2,source_supported,2026-10-04,batch_001
person_d666ea35263e49dc,Bill Gates,src_5604e6879605b8c8,source_supported,2026-10-04,batch_001
person_a17feb6594d2fb5e,Steve Ballmer,src_5604e6879605b8c8,source_supported,2026-10-04,batch_001
person_59d82cebb94d4d96,Ray Ozzie,src_5604e6879605b8c8,source_supported,2026-10-04,batch_001
person_93652a24ceba3bb9,Craig Mundie,src_5604e6879605b8c8,source_supported,2026-10-04,batch_001
person_9ae26fe5377a0a3b,Shane Legg,src_dc7aa75975463f04,source_supported,2026-10-04,batch_001
person_d940658cd5d13b31,Lila Ibrahim,src_dc7aa75975463f04,source_supported,2026-10-04,batch_001
person_77b0c9a93079fa61,Koray Kavukcuoglu,src_dc7aa75975463f04,source_supported,2026-10-04,batch_001
person_a4f60a31cba8d3bf,John Jumper,src_829b9621cc17045d,source_supported,2026-10-04,batch_001
person_a0dec2f1a2f4d444,Mark Zuckerberg,src_7d939ac189435e74,source_supported,2026-10-04,batch_001
person_c5bca6080c9111de,Sheryl Sandberg,src_7d939ac189435e74,source_supported,2026-10-04,batch_001
person_b4e396579394acdb,Mike Schroepfer,src_ab9d8915d7f55433,source_supported,2026-10-04,batch_001
person_c1f8c5622f049d7a,Andrew Bosworth,src_ab9d8915d7f55433,source_supported,2026-10-04,batch_001
person_53d3e26281824a0d,Lori Goler,src_7d939ac189435e74,source_supported,2026-10-04,batch_001
person_3194cf7d37df54aa,Nick Clegg,src_7d939ac189435e74,source_supported,2026-10-04,batch_001
person_0b604346550fd893,Jennifer Newstead,src_7d939ac189435e74,source_supported,2026-10-04,batch_001
person_86fd7be874776be5,Javier Olivan,src_7d939ac189435e74,source_supported,2026-10-04,batch_001
person_9dd7a2ea63a9ba15,Marne Levine,src_7d939ac189435e74,source_supported,2026-10-04,batch_001
person_c0d8da5316c65d55,Naomi Gleit,src_7d939ac189435e74,source_supported,2026-10-04,batch_001
person_c9ea16b41449ab6b,Molly Cutler,src_7d939ac189435e74,source_supported,2026-10-04,batch_001
person_e6a014c18ceb248a,Chris Cox,src_7d939ac189435e74,source_supported,2026-10-04,batch_001
person_aa6f924a517fb96e,Justin Osofsky,src_7d939ac189435e74,source_supported,2026-10-04,batch_001
person_f1442202076bdac9,Andy Jassy,src_778d7a2017219a51,source_supported,2026-10-04,batch_001
person_ba324af1796fffc9,Adam Selipsky,src_778d7a2017219a51,source_supported,2026-10-04,batch_001
person_3219f36b7d2ea2c8,Matt Garman,src_778d7a2017219a51,source_supported,2026-10-04,batch_001
person_8ba72c4e8ba952dc,Peter DeSantis,src_c70bc97d438690df,source_supported,2026-10-04,batch_001
person_ed00733ab333de3d,Pieter Abbeel,src_c70bc97d438690df,source_supported,2026-10-04,batch_001
person_e5b56efea3f39b01,Jensen Huang,src_3ce661bbc7fdca03,source_supported,2026-10-04,batch_001
person_74e97e57a126e3a2,Chris Malachowsky,src_3ce661bbc7fdca03,source_supported,2026-10-04,batch_001
person_54d45fe99116893a,Curtis Priem,src_3ce661bbc7fdca03,source_supported,2026-10-04,batch_001
person_44abef08e3490a40,Ian Buck,src_dc197ebd6fa73428,source_supported,2026-10-04,batch_001
person_cc26118b9d8bd4d2,Bill Dally,src_ed900537e31c75b7,source_supported,2026-10-04,batch_001
person_f94186a3813fe70f,Anima Anandkumar,src_dd4d6607280ac89d,source_supported,2026-10-04,batch_001
person_40312b220fbd27be,Pat Hanrahan,src_24ffaf201d38258a,source_supported,2026-10-04,batch_001
person_a351b3c284873f6f,Greg Humphreys,src_24ffaf201d38258a,source_supported,2026-10-04,batch_001
person_2bc19cff537ed885,Matthew Eldridge,src_24ffaf201d38258a,source_supported,2026-10-04,batch_001
person_1133080497ec8ca8,Tim Purcell,src_24ffaf201d38258a,source_supported,2026-10-04,batch_001
person_a8ad230b1ad90a7f,John Ternus,src_eddf605ff0cd560a,source_supported,2026-10-04,batch_001
person_a6949a04461b6789,Deirdre O’Brien,src_11b59fd8b201a7b6,source_supported,2026-10-04,batch_001
person_436b88d32e7e1d9a,Craig Federighi,src_b6c66b725a675760,source_supported,2026-10-04,batch_001
person_a0a0d2b6b3b269e1,Johny Srouji,src_9ac0e7ba1a071d51,source_supported,2026-10-04,batch_001
person_ce151562c96d24d8,Eddy Cue,src_956d4cc554c4cb6d,source_supported,2026-10-04,batch_001
person_a5565b509d0e84de,Sabih Khan,src_7d154b3f15d7178e,source_supported,2026-10-04,batch_001
person_5738a37f0af81594,Tim Cook,src_363b5bdc64968163,source_supported,2026-10-04,batch_001
person_325e6ebbd8d6411d,Dan Riccio,src_363b5bdc64968163,source_supported,2026-10-04,batch_001
person_760b08308a87d585,Jeff Williams,src_79f10420b8355151,source_supported,2026-10-04,batch_001
person_4f998ca6d1c5a332,Dario Amodei,src_c0f94a4efaca7a84,source_supported,2026-10-04,batch_001
person_5f9b87fa9c5a92b2,Daniela Amodei,src_c0f94a4efaca7a84,source_supported,2026-10-04,batch_001
person_6b771e2aa3acebd9,Tom Brown,src_c0f94a4efaca7a84,source_supported,2026-10-04,batch_001
person_4694763d3f086481,Jack Clark,src_c0f94a4efaca7a84,source_supported,2026-10-04,batch_001
person_97316cd8b11489bb,Jared Kaplan,src_c0f94a4efaca7a84,source_supported,2026-10-04,batch_001
person_0e22d96f08ffceed,Sam McCandlish,src_c0f94a4efaca7a84,source_supported,2026-10-04,batch_001
person_8bb2cb5cabc7d632,Chris Olah,src_c0f94a4efaca7a84,source_supported,2026-10-04,batch_001
person_6795df235cf8b141,Rahul Patil,src_c0f94a4efaca7a84,source_supported,2026-10-04,batch_001
person_c292557491ae49c9,Hannah Pritchett,src_c0f94a4efaca7a84,source_supported,2026-10-04,batch_001
person_f52b3a639f2f16f7,Sam Altman,src_4dc07095882ddda6,source_supported,2026-10-04,batch_001
person_3ea04526627ec61b,Greg Brockman,src_4dc07095882ddda6,source_supported,2026-10-04,batch_001
person_233f438867f09700,Ilya Sutskever,src_4dc07095882ddda6,source_supported,2026-10-04,batch_001
person_2d1b84ff15276bbd,Trevor Blackwell,src_4dc07095882ddda6,source_supported,2026-10-04,batch_001
person_497f393d816b7f62,Vicki Cheung,src_4dc07095882ddda6,source_supported,2026-10-04,batch_001
person_1475f32d6a90b6df,Andrej Karpathy,src_4dc07095882ddda6,source_supported,2026-10-04,batch_001
person_aa0716a782b5f594,Durk Kingma,src_4dc07095882ddda6,source_supported,2026-10-04,batch_001
person_77236f60b1499ea2,John Schulman,src_4dc07095882ddda6,source_supported,2026-10-04,batch_001
person_c81b3b40b5d0f055,Pamela Vagata,src_4dc07095882ddda6,source_supported,2026-10-04,batch_001
person_b560f136f153d20b,Wojciech Zaremba,src_4dc07095882ddda6,source_supported,2026-10-04,batch_001
person_56828802ff1337c7,Fidji Simo,src_65d1ecadfd03b43f,source_supported,2026-10-04,batch_001
person_a3a869233123e2a7,Oriol Vinyals,src_61d552395d0f0789,source_supported,2026-10-04,batch_001
person_938002795fbb5444,Quoc V. Le,src_61d552395d0f0789,source_supported,2026-10-04,batch_001
person_a3265a2eed87b045,Kaiming He,src_523013cf51110acb,source_supported,2026-10-04,batch_001
person_dd036c799b5ce840,Xiangyu Zhang,src_523013cf51110acb,source_supported,2026-10-04,batch_001
person_74099e4f654dd6f7,Shaoqing Ren,src_523013cf51110acb,source_supported,2026-10-04,batch_001
person_48e58ac8c5c9e69c,Jian Sun,src_523013cf51110acb,source_supported,2026-10-04,batch_001
person_67b910f4944e12a2,Piotr Dollár,src_664bbc784da30eda,source_supported,2026-10-04,batch_001
person_d7165085de0cd8b7,Ross Girshick,src_664bbc784da30eda,source_supported,2026-10-04,batch_001
person_068a90fba998bd84,Georgia Gkioxari,src_664bbc784da30eda,source_supported,2026-10-04,batch_001
person_fb03eeda1a953a90,Tom Preston-Werner,src_7a67ba84a03883ba,source_supported,2026-10-04,batch_001
person_44c40d9499a82f46,Chris Wanstrath,src_7a67ba84a03883ba,source_supported,2026-10-04,batch_001
person_19c056476e29b992,PJ Hyett,src_7a67ba84a03883ba,source_supported,2026-10-04,batch_001
person_0b358aca2a0f2cb1,Scott Chacon,src_54f2644d168d8641,source_supported,2026-10-04,batch_001
person_8d0f7757baa7ec57,Mitchell Hashimoto,src_4e2ad49621837c9e,source_supported,2026-10-04,batch_001
person_0dc58d083e45b222,Armon Dadgar,src_4e2ad49621837c9e,source_supported,2026-10-04,batch_001
person_6bc1e9253392ff3d,Dave McJannet,src_4e2ad49621837c9e,source_supported,2026-10-04,batch_001
person_a7cff51bd08c6fa2,Shay Banon,src_3c9cbea096208544,source_supported,2026-10-04,batch_001
person_b941d91ee02bc39b,Steven Schuurman,src_3c9cbea096208544,source_supported,2026-10-04,batch_001
person_8dd46804ece71ed8,Uri Boness,src_3c9cbea096208544,source_supported,2026-10-04,batch_001
person_e864e418116bd7c0,Simon Willnauer,src_3c9cbea096208544,source_supported,2026-10-04,batch_001
person_fad36766b6c6da45,Rod Johnson,src_3c9cbea096208544,source_supported,2026-10-04,batch_001
person_1cf39f64f5d770ee,Patrick Collison,src_931d0a3831eeecf3,source_supported,2026-10-04,batch_001
person_9fefd06d24a07c35,John Collison,src_931d0a3831eeecf3,source_supported,2026-10-04,batch_001
person_7fa8594a90087abc,Dwight Merriman,src_f5339ef58fe0ee04,source_supported,2026-10-04,batch_001
person_a41f202ef2f3ef5f,Eliot Horowitz,src_f5339ef58fe0ee04,source_supported,2026-10-04,batch_001
person_c2824e976bc7bd95,Kevin Ryan,src_f5339ef58fe0ee04,source_supported,2026-10-04,batch_001
person_918d7c17d0c5cd10,Jay Kreps,src_e12a91ba769c1bcf,source_supported,2026-10-04,batch_001
person_5a93baa047242ee2,Jun Rao,src_e12a91ba769c1bcf,source_supported,2026-10-04,batch_001
person_ce03dff88d7aa65a,Neha Narkhede,src_e12a91ba769c1bcf,source_supported,2026-10-04,batch_001
person_9883d440ca9be8ff,Matthew Prince,src_8efba02fba46cffb,source_supported,2026-10-04,batch_001
person_60c259ff3a930b35,Michelle Zatlyn,src_8efba02fba46cffb,source_supported,2026-10-04,batch_001
person_16a265c60d8ea38e,Lee Holloway,src_8efba02fba46cffb,source_supported,2026-10-04,batch_001
person_a047315be35b5119,Olivier Pomel,src_88a8c8c064f31f78,source_supported,2026-10-04,batch_001
person_3140d817c05b5b8e,Alexis Lê-Quôc,src_88a8c8c064f31f78,source_supported,2026-10-04,batch_001
person_8e8f3b93fb195b30,Clément Delangue,src_4b781df731ceaa2d,source_supported,2026-10-04,batch_001
person_805462eedb26a488,Julien Chaumond,src_4b781df731ceaa2d,source_supported,2026-10-04,batch_001
person_df139ebf4b214e32,Thomas Wolf,src_4b781df731ceaa2d,source_supported,2026-10-04,batch_001
person_b9fdad2c91757e02,Dylan Field,src_6d42fa546ebeb1ca,source_supported,2026-10-04,batch_001
person_e74f710ef97453fd,Evan Wallace,src_6d42fa546ebeb1ca,source_supported,2026-10-04,batch_001
person_4392e7bbb6644f8d,Eric Wittman,src_6d42fa546ebeb1ca,source_supported,2026-10-04,batch_001
person_34c69a5edff6a102,Kris Rasmussen,src_6d42fa546ebeb1ca,source_supported,2026-10-04,batch_001
person_2188dfab4c17267b,Benoit Dageville,src_bf4e49580252479e,source_supported,2026-10-04,batch_001
person_426fdc4e027ae12b,Thierry Cruanes,src_bf4e49580252479e,source_supported,2026-10-04,batch_001
person_5b6dc9cd34c55cd1,Marcin Zukowski,src_f64c969cf2fb43e5,source_supported,2026-10-04,batch_001
person_2ad1c3b880ac9eb4,Ali Ghodsi,src_f5a2cf506ffeeaa6,source_supported,2026-10-04,batch_001
person_67a2f8b2f3df9e0a,Ion Stoica,src_f5a2cf506ffeeaa6,source_supported,2026-10-04,batch_001
person_ab02f2ac2b900994,Matei Zaharia,src_f5a2cf506ffeeaa6,source_supported,2026-10-04,batch_001
person_4d66f9446bfff866,Patrick Wendell,src_f5a2cf506ffeeaa6,source_supported,2026-10-04,batch_001
person_325987c1827d3c73,Reynold Xin,src_f5a2cf506ffeeaa6,source_supported,2026-10-04,batch_001
person_084d07b76864b154,Andy Konwinski,src_f5a2cf506ffeeaa6,source_supported,2026-10-04,batch_001
person_aae9d23c43100d7e,Arsalan Tavakoli-Shiraji,src_f5a2cf506ffeeaa6,source_supported,2026-10-04,batch_001
person_7688fd8b6ce8b418,Paul Copplestone,src_5841f373e3338d72,source_supported,2026-10-04,batch_001
person_b1458cee4f1cf31d,Ant Wilson,src_5841f373e3338d72,source_supported,2026-10-04,batch_001
person_15422a592b069bad,Ivan Zhao,src_788237ffb8ff6af7,source_supported,2026-10-04,batch_001
person_b0b038a8f2d230b3,Simon Last,src_788237ffb8ff6af7,source_supported,2026-10-04,batch_001
person_a9a4844408cb49ac,Akshay Kothari,src_788237ffb8ff6af7,source_supported,2026-10-04,batch_001
person_e99c30159c25dc29,Karri Saarinen,src_476708dbf8c1a9fd,source_supported,2026-10-04,batch_001
person_855a5afa98c715c6,Jori Lallo,src_476708dbf8c1a9fd,source_supported,2026-10-04,batch_001
person_012e0cc0f74b3481,Tuomas Artman,src_476708dbf8c1a9fd,source_supported,2026-10-04,batch_001
person_3fed2a4e15c37c40,Mike Cannon-Brookes,src_b529bd0ec18801e5,source_supported,2026-10-04,batch_001
person_0566ca2df3c450e0,Scott Farquhar,src_b529bd0ec18801e5,source_supported,2026-10-04,batch_001
person_0154e54c29f38085,Brian Chesky,src_58f1407947b6727e,source_supported,2026-10-04,batch_001
person_5781d917a452aff5,Joe Gebbia,src_58f1407947b6727e,source_supported,2026-10-04,batch_001
person_58090f3f9a248e91,Nathan Blecharczyk,src_58f1407947b6727e,source_supported,2026-10-04,batch_001
person_87c33653ee7f55f7,Melanie Perkins,src_1432035095cf5faa,source_supported,2026-10-04,batch_001
person_c4a62348184b5a98,Cliff Obrecht,src_1432035095cf5faa,source_supported,2026-10-04,batch_001
person_11b24152dbd1f5fe,Cameron Adams,src_1432035095cf5faa,source_supported,2026-10-04,batch_001
person_fa2434f8ea988a57,Jason Lengstorf,src_038862cd74c6150f,source_supported,2026-10-04,batch_001
person_3ce676bd3e770d90,Ashley Willis,src_038862cd74c6150f,source_supported,2026-10-04,batch_001
person_93ca881347467a9a,Anubhav Mishra,src_ba5d3ee45fd3a974,source_supported,2026-10-04,batch_001
person_9512ea5c4c5c9061,Nic Jackson,src_ba5d3ee45fd3a974,source_supported,2026-10-04,batch_001
person_8f9f25452ba40554,Seth Vargo,src_e679d8c4a75cd87c,source_supported,2026-10-04,batch_001
person_213e2a66e8b5e0a1,Beth Galetti,src_a7f5f2fc3a98a9ad,source_supported,2026-10-04,batch_001
