relationship_id,claim_id,support_basis
rel_8efd896d84d8da90,claim_5e40c49178373481,shared_cofounding_relationship
rel_d33f976cf360b7fc,claim_4b336b0bb7a2e566,explicit_pair
rel_a90d6ef37dba0b4b,claim_4b336b0bb7a2e566,explicit_pair
rel_b42e69df22b63086,claim_dfb55b994bfd6870,explicit_pair
rel_592751b6d17ef7a6,claim_4e658f72f26c7e02,explicit_pair
rel_9cb780591fdc661a,claim_ef912a0b1bdd57fa,explicit_pair
rel_a35f72dd07c88502,claim_ef912a0b1bdd57fa,explicit_pair
rel_a5bc4da29b6f54b8,claim_3947830ab658f553,explicit_pair
rel_d67073756aae5dc8,claim_e0708d463cda2184,explicit_pair
rel_d67073756aae5dc8,claim_894ac0d46f6218b9,explicit_pair
rel_e15897eee71e44cb,claim_751481202acb6733,explicit_pair
rel_ede116433798fba3,claim_751481202acb6733,explicit_pair
rel_3ebfe42fe86fe98a,claim_751481202acb6733,explicit_pair
rel_d739120fb7edb03d,claim_aab2eaa09a5e2fcb,first_person_small_team_account
rel_27ccf655c16744cf,claim_aab2eaa09a5e2fcb,first_person_small_team_account
rel_5b9049c4e32d0315,claim_aab2eaa09a5e2fcb,first_person_small_team_account
rel_20faff8e5c6b0f02,claim_aab2eaa09a5e2fcb,first_person_small_team_account
rel_2b2d7fa4ed074fa3,claim_aab2eaa09a5e2fcb,first_person_small_team_account
rel_437337eccce30e8f,claim_06716a00604b903d,small_coauthor_team
rel_76cca3b76d01d661,claim_06716a00604b903d,small_coauthor_team
rel_2e4b6f44b3e93c8c,claim_06716a00604b903d,small_coauthor_team
rel_a9eb473a6bb1ee81,claim_06716a00604b903d,small_coauthor_team
rel_724df78254924484,claim_06716a00604b903d,small_coauthor_team
rel_68e7ceddcf5b1e7a,claim_06716a00604b903d,small_coauthor_team
rel_ef1d3eb3efa3680e,claim_40992c6c52b753da,explicit_pair
rel_e0a0e5b3c1ce2fe5,claim_40992c6c52b753da,explicit_pair
rel_23f21f9142029a13,claim_40992c6c52b753da,explicit_pair
rel_36ba867c8e97230c,claim_904998cead57d5bb,explicit_pair
rel_f133002c7fc53689,claim_41628d40807e8b89,explicit_pair
rel_cfbd7b962e451edf,claim_6daf452fcff98fbb,explicit_pair
rel_99f5db6713014f70,claim_4a87084b33f012b1,explicit_pair
rel_44d1e18fbb41579d,claim_6339a2dab79c82c4,explicit_pair
rel_86eef596b46db560,claim_875a043bae6ca2c7,explicit_pair
rel_1f2b11820dfb142c,claim_061f885f0d2489cb,explicit_pair
rel_608e750ea824bea1,claim_044d9a731ad2c517,explicit_pair
rel_65cda98e1988363b,claim_adc036e2ee26bc0a,explicit_pair
rel_3cf16f4817e9b429,claim_941379b308f57c49,explicit_pair
rel_e34df2edaeec5f11,claim_5b3a5cc78b78cbc1,explicit_pair
rel_ee18f71703f8b429,claim_380e9053446363b8,explicit_pair
rel_9eab8aa277aedc77,claim_2dcba359d9c70d11,explicit_pair
rel_50236ff0ab5580c4,claim_4fabc9c98de0a12d,explicit_pair
rel_e1bc590ce3f3be60,claim_d3940c2ced499c45,explicit_pair
rel_31989ccf9c268992,claim_d3940c2ced499c45,explicit_pair
rel_c79207e1e457b635,claim_d3940c2ced499c45,explicit_pair
rel_017ac978b225533c,claim_d3940c2ced499c45,explicit_pair
rel_b34b62e246511020,claim_d3940c2ced499c45,explicit_pair
rel_51058b3f1a041dcf,claim_70297c16057c2c29,explicit_pair
rel_85afb00ec26bf17d,claim_ac53ef25ef1f0e2c,explicit_pair
rel_3899bc46ad095004,claim_8c6c3e39faffebcb,explicit_pair
rel_6e9e0ee4e7a5e6ff,claim_7cb7e1caf362d5f2,explicit_pair
rel_ce38831a8536d1d6,claim_7cb7e1caf362d5f2,explicit_pair
rel_230ed57e96bd1f53,claim_820f485265b62293,explicit_pair
rel_17b0465b2340bfed,claim_0299bc123c83197d,explicit_pair
rel_78a3c14118b9d5bf,claim_5c8069f853626916,explicit_pair
rel_04d9ef0a904ee633,claim_5c8069f853626916,explicit_pair
rel_4a9fc65ae2e863ae,claim_2672130b579bfff8,explicit_pair
rel_34a8c32f6a83690f,claim_20fd23cc6d091bf9,shared_cofounding_relationship
rel_82aeb845f74cf956,claim_20fd23cc6d091bf9,shared_cofounding_relationship
rel_04abae275382c187,claim_20fd23cc6d091bf9,shared_cofounding_relationship
rel_4b426b18e5dfa043,claim_bb3ddaca4005d4ba,explicit_pair
rel_b7973cd640e4a392,claim_67ef73d04052c29f,explicit_pair
rel_447bd89c119ed36d,claim_b32a32b105c3a7f5,explicit_pair
rel_bfb2f1d6a43a88e2,claim_1b077e7643d94dd9,explicit_pair
rel_dd585f6b57f23e96,claim_1b077e7643d94dd9,explicit_pair
rel_dfbd8e336f1c7bd6,claim_efb8cb120953825f,explicit_pair
rel_980e39671a7ed4b2,claim_ae594b0e99c52d98,explicit_pair
rel_db795e4b8fe7d72a,claim_2eba9c734f21edad,explicit_pair
rel_efcec03d81dd175e,claim_4c4140efad3ef502,explicit_pair
rel_dabb68d8eb5aea9f,claim_71c9cf9bbf5b6c68,explicit_pair
rel_5738476dfb484438,claim_84ea31d8da5abb4d,explicit_pair
rel_aae39ede0ae881d8,claim_6bb580accb38d0fc,explicit_pair
rel_5a47e902f7ce99df,claim_6bb580accb38d0fc,explicit_pair
rel_aecbcc7887932023,claim_6bb580accb38d0fc,explicit_pair
rel_e4fe8ad2f369cbca,claim_6bb580accb38d0fc,explicit_pair
rel_1e4f6e76b685a351,claim_6bb580accb38d0fc,explicit_pair
rel_29db15be6d51f506,claim_6bb580accb38d0fc,explicit_pair
rel_eee80b83476ab96c,claim_5b62ba5785839a4b,explicit_pair
rel_3961d7325772ac3f,claim_5b62ba5785839a4b,explicit_pair
rel_5ae573ae5958c0c4,claim_7ceed336c82c8797,explicit_pair
rel_1d9467de0bc47d08,claim_56cae337dbe9c7d9,shared_cofounding_relationship
rel_1fb565579c55d538,claim_56cae337dbe9c7d9,shared_cofounding_relationship
rel_89b7201acb8a7cfa,claim_56cae337dbe9c7d9,shared_cofounding_relationship
rel_c8b199432e9a2d84,claim_18a62c708e97847b,explicit_pair
rel_fe3b5553fbdcb699,claim_18a62c708e97847b,explicit_pair
rel_c6a8e78c7805d6cb,claim_18a62c708e97847b,explicit_pair
rel_42d8724e854cdcc2,claim_ef4694533b7411a8,explicit_pair
rel_45f5a756c3b32f57,claim_814626c6429a094a,multiple_named_projects
rel_0e1723e6fb9badb1,claim_814626c6429a094a,multiple_named_projects
rel_76c6eb4e2ca37faf,claim_814626c6429a094a,multiple_named_projects
rel_8b3e4190453cdb4e,claim_814626c6429a094a,multiple_named_projects
rel_2bea2501d7deb66f,claim_814626c6429a094a,multiple_named_projects
rel_039da644aff8904d,claim_814626c6429a094a,multiple_named_projects
rel_6edf2b756501bdf1,claim_814626c6429a094a,multiple_named_projects
rel_b8afa20a2cbee6a0,claim_d7f0c8a7bdfd91b2,explicit_pair
rel_da7e57f38292307e,claim_abee094a7e9e79a7,explicit_pair
rel_f46df3564c7ab8a6,claim_cf4eff064fac1c3e,explicit_pair
rel_853a2e8287674ae7,claim_b961ad9cb0ba8fc3,explicit_pair
rel_d15dcf3834118dc1,claim_f53e60ad59f9dde1,explicit_pair
rel_5278489b57423af9,claim_8bef15c2f9700e6a,explicit_pair
rel_369de981265c2d6d,claim_27f254fb8f6324eb,explicit_pair
rel_203120118ddce7b9,claim_0d13b9a2677e303c,explicit_pair
rel_98eb244456241855,claim_09b9fc0f7a824791,shared_cofounding_relationship
rel_1c69ae0f90d1e795,claim_09b9fc0f7a824791,shared_cofounding_relationship
rel_b0813aa2c990794d,claim_09b9fc0f7a824791,shared_cofounding_relationship
rel_1a306832a0ca1f0f,claim_09b9fc0f7a824791,shared_cofounding_relationship
rel_86874de00dc4f647,claim_09b9fc0f7a824791,shared_cofounding_relationship
rel_ab3cb335f7f634c5,claim_09b9fc0f7a824791,shared_cofounding_relationship
rel_08c2177f3ce9bc43,claim_09b9fc0f7a824791,shared_cofounding_relationship
rel_02b6ea98fca82c3b,claim_09b9fc0f7a824791,shared_cofounding_relationship
rel_dfc83d9d50d9ad8c,claim_09b9fc0f7a824791,shared_cofounding_relationship
rel_dbf62be91a37c097,claim_09b9fc0f7a824791,shared_cofounding_relationship
rel_c84d0bbc75914908,claim_09b9fc0f7a824791,shared_cofounding_relationship
rel_a9e5d70d5a489738,claim_09b9fc0f7a824791,shared_cofounding_relationship
rel_c49129cd22e9704d,claim_09b9fc0f7a824791,shared_cofounding_relationship
rel_2b65c11878b7ba90,claim_09b9fc0f7a824791,shared_cofounding_relationship
rel_7941b281586df169,claim_09b9fc0f7a824791,shared_cofounding_relationship
rel_02eb5a69ded1042d,claim_09b9fc0f7a824791,shared_cofounding_relationship
rel_b9c6c23fb129e808,claim_09b9fc0f7a824791,shared_cofounding_relationship
rel_fe18b99d736511e7,claim_09b9fc0f7a824791,shared_cofounding_relationship
rel_40e2a042eec2676e,claim_09b9fc0f7a824791,shared_cofounding_relationship
rel_cda172e48718c606,claim_09b9fc0f7a824791,shared_cofounding_relationship
rel_ba059a9159907337,claim_09b9fc0f7a824791,shared_cofounding_relationship
rel_46c0387bbd61ac42,claim_dacb844960a40d1f,explicit_pair
rel_ec9756e18367f078,claim_b4b22831ef3b3d23,explicit_pair
rel_ec9756e18367f078,claim_b68a668aaacc604a,explicit_pair
rel_c04824d23923f7f3,claim_86036d643db00bcd,explicit_pair
rel_c04824d23923f7f3,claim_5210c4c9af34e251,explicit_pair
rel_a50a7e392c627856,claim_86036d643db00bcd,explicit_pair
rel_a50a7e392c627856,claim_5210c4c9af34e251,explicit_pair
rel_4bedaae94972242e,claim_86036d643db00bcd,explicit_pair
rel_4bedaae94972242e,claim_5210c4c9af34e251,explicit_pair
rel_1ad9a0987c765e9e,claim_86036d643db00bcd,explicit_pair
rel_1ad9a0987c765e9e,claim_5210c4c9af34e251,explicit_pair
rel_cfc7078ede6c2efa,claim_86036d643db00bcd,explicit_pair
rel_cfc7078ede6c2efa,claim_5210c4c9af34e251,explicit_pair
rel_df4624308d450a37,claim_86036d643db00bcd,explicit_pair
rel_df4624308d450a37,claim_5210c4c9af34e251,explicit_pair
rel_ae758f4aaee88137,claim_c50010b58249a63a,explicit_pair
rel_ae758f4aaee88137,claim_2f8b05232f78fa03,explicit_pair
rel_b85ece7be95f27d8,claim_c50010b58249a63a,explicit_pair
rel_b85ece7be95f27d8,claim_2f8b05232f78fa03,explicit_pair
rel_ed2054b315ac1693,claim_c50010b58249a63a,explicit_pair
rel_ed2054b315ac1693,claim_2f8b05232f78fa03,explicit_pair
rel_30cf8d41a2053526,claim_e6a42a13d5a95c4d,named_small_working_team
rel_f2075af59a6cd5b3,claim_e6a42a13d5a95c4d,named_small_working_team
rel_82ca07f6758cdf7c,claim_e6a42a13d5a95c4d,named_small_working_team
rel_0440bf4a41632d6e,claim_ccf1a3a91b100444,first_person_small_team_account
rel_36508477e364385b,claim_ccf1a3a91b100444,first_person_small_team_account
rel_c52742798b2e3463,claim_ccf1a3a91b100444,first_person_small_team_account
rel_a67c978516fa05c8,claim_3178f2aa0d51e067,shared_cofounding_relationship
rel_69f35efaf579f928,claim_3202b5022d6556eb,explicit_pair
rel_c3ec906a0888ac05,claim_3202b5022d6556eb,explicit_pair
rel_7b3edb281ad4b719,claim_105916fe6a72ffa0,shared_cofounding_relationship
rel_861df6226d74e4b6,claim_105916fe6a72ffa0,shared_cofounding_relationship
rel_600b34e589537220,claim_105916fe6a72ffa0,shared_cofounding_relationship
rel_68508c0d70c5394e,claim_105916fe6a72ffa0,shared_cofounding_relationship
rel_69098776484fb078,claim_105916fe6a72ffa0,shared_cofounding_relationship
rel_654d2e7cfa1b7aea,claim_105916fe6a72ffa0,shared_cofounding_relationship
rel_a4f6bc22cd77041c,claim_c9a7fc3a5e20a67f,explicit_pair
rel_f53d1394ec6d9b06,claim_c305e3200a7843e3,explicit_pair
rel_842fc6c91cc0e283,claim_4c71303ea7f49a51,shared_cofounding_relationship
rel_b9c3febdf18346e0,claim_0a431268d70788cf,shared_cofounding_relationship
rel_c0b0b1d58238fdcf,claim_0a431268d70788cf,shared_cofounding_relationship
rel_850be3a6ed5d3abe,claim_0a431268d70788cf,shared_cofounding_relationship
rel_8c9c2c5b55506a87,claim_fd90600635fc9518,shared_cofounding_relationship
rel_a972023e3eafb60f,claim_fd90600635fc9518,shared_cofounding_relationship
rel_549223b0d2610497,claim_fd90600635fc9518,shared_cofounding_relationship
rel_91982a9727b6b923,claim_214f0afb54109101,shared_cofounding_relationship
rel_e8e30ef33631a9a8,claim_214f0afb54109101,shared_cofounding_relationship
rel_b823e466c63fcca3,claim_214f0afb54109101,shared_cofounding_relationship
rel_93c959c606d4c882,claim_caa2695ac64d2c09,shared_cofounding_relationship
rel_5d9cfc484011c087,claim_859dff3bfe25eb6e,shared_cofounding_relationship
rel_0cb2484f2b220ef8,claim_859dff3bfe25eb6e,shared_cofounding_relationship
rel_789dbfbedf85bf59,claim_859dff3bfe25eb6e,shared_cofounding_relationship
rel_0cf1d98fb72b1645,claim_aa91a223893b1033,shared_cofounding_relationship
rel_4e5c681cef2b9a6e,claim_e8ec18f2d5488090,explicit_pair
rel_3c8b37c6e69da043,claim_e8ec18f2d5488090,explicit_pair
rel_f1eb9a1729056331,claim_9c4e1c085e5306cb,shared_cofounding_relationship
rel_5c256ae450169a2e,claim_716f02713e70d19c,shared_cofounding_relationship
rel_5c256ae450169a2e,claim_bd5970a61d9b2625,shared_cofounding_relationship
rel_8fd5536f80a2fa62,claim_716f02713e70d19c,shared_cofounding_relationship
rel_8fd5536f80a2fa62,claim_bd5970a61d9b2625,shared_cofounding_relationship
rel_68d28fa8007f0217,claim_646d5fbc9162c7f8,shared_cofounding_relationship
rel_5e20c9f32e9bc754,claim_646d5fbc9162c7f8,shared_cofounding_relationship
rel_1e751cf8f03d7fea,claim_646d5fbc9162c7f8,shared_cofounding_relationship
rel_89e6eac5e72234d8,claim_646d5fbc9162c7f8,shared_cofounding_relationship
rel_2e1d3dc54a1d50a7,claim_646d5fbc9162c7f8,shared_cofounding_relationship
rel_0be95c6fb857b86b,claim_646d5fbc9162c7f8,shared_cofounding_relationship
rel_2ebdf4db4132b4db,claim_646d5fbc9162c7f8,shared_cofounding_relationship
rel_64642418cf915bf4,claim_646d5fbc9162c7f8,shared_cofounding_relationship
rel_c5dbd7128cb0bf41,claim_646d5fbc9162c7f8,shared_cofounding_relationship
rel_2510024863b71209,claim_646d5fbc9162c7f8,shared_cofounding_relationship
rel_ceacfdceef738638,claim_646d5fbc9162c7f8,shared_cofounding_relationship
rel_e75466f3533e14d0,claim_646d5fbc9162c7f8,shared_cofounding_relationship
rel_da9e23b4c2b15a8d,claim_646d5fbc9162c7f8,shared_cofounding_relationship
rel_f1ef1e33de6c4399,claim_646d5fbc9162c7f8,shared_cofounding_relationship
rel_8311c4f40f0cf03c,claim_646d5fbc9162c7f8,shared_cofounding_relationship
rel_430b3c3b74e19238,claim_646d5fbc9162c7f8,shared_cofounding_relationship
rel_5781778f9ac0b3ad,claim_646d5fbc9162c7f8,shared_cofounding_relationship
rel_3ecf570f156ee581,claim_646d5fbc9162c7f8,shared_cofounding_relationship
rel_fd2c86ae4470221c,claim_646d5fbc9162c7f8,shared_cofounding_relationship
rel_24cc3ec118ed46a4,claim_646d5fbc9162c7f8,shared_cofounding_relationship
rel_dbe39ebaf2f0e236,claim_646d5fbc9162c7f8,shared_cofounding_relationship
rel_c62ec2cbf4a02968,claim_c52af9a71ac5bee2,shared_cofounding_relationship
rel_648879e587e1b40c,claim_8105813cd7623f14,shared_cofounding_relationship
rel_63e25ae4f257805f,claim_2d78a533a013ec07,explicit_pair
rel_925d704b9988b6f4,claim_7464390799fc321c,shared_cofounding_relationship
rel_d8d7725f495cb2c9,claim_7464390799fc321c,shared_cofounding_relationship
rel_79792e6f47657b5f,claim_7464390799fc321c,shared_cofounding_relationship
rel_6387f1ba01896135,claim_97972f9347395949,shared_cofounding_relationship
rel_263123d531cb2ec1,claim_97972f9347395949,shared_cofounding_relationship
rel_fa0d6ba3d0fac9a8,claim_97972f9347395949,shared_cofounding_relationship
rel_99da154d3123ee56,claim_e36e96b397a21129,explicit_pair
rel_49c3e8252e4528d8,claim_bae52e313acd07f0,shared_cofounding_relationship
rel_23b27d61d3944a74,claim_a0ac87266837bd83,shared_cofounding_relationship
rel_6c57984714124d1c,claim_a0ac87266837bd83,shared_cofounding_relationship
rel_baefcd6858c933ce,claim_a0ac87266837bd83,shared_cofounding_relationship
rel_4bd935c188ca2931,claim_2eb497247c385581,shared_cofounding_relationship
rel_01e099b66cb54995,claim_2eb497247c385581,shared_cofounding_relationship
rel_8b21a4b673f3a060,claim_2eb497247c385581,shared_cofounding_relationship
rel_884d2eb4dc15545f,claim_b26f1552836e063d,small_working_production_team
rel_6dfd7712f9abf9f6,claim_b26f1552836e063d,small_working_production_team
rel_b624471ec2bc707c,claim_b26f1552836e063d,small_working_production_team
rel_819f0c9db899251c,claim_09da541b271b95a9,explicit_pair
rel_5c307a87bf7c567b,claim_65458261ff8cdd89,first_person_small_team_account
rel_77d8d91fbdfdb752,claim_d288977c9ee11938,first_person_small_team_account
rel_98336648ff5f3f86,claim_d288977c9ee11938,first_person_small_team_account
rel_87b5cf4325a16936,claim_81a0a3657a846551,explicit_pair
rel_c1558f12cadb8870,claim_656ebdd40f53bf53,explicit_pair
